{
  "project_info": {
    "project_number": "551690993652",
    "project_id": "apiapplication-ee2d2",
    "storage_bucket": "apiapplication-ee2d2.appspot.com"
  },
  "client": [
    {
      "client_info": {
        "mobilesdk_app_id": "1:551690993652:android:4b19cfb28abc0a922103a1",
        "android_client_info": {
          "package_name": "com.example.apiapplication"
        }
      },
      "oauth_client": [
        {
          "client_id": "551690993652-e802kacfof0rr9lmud22s4ujv8ifraut.apps.googleusercontent.com",
          "client_type": 3
        }
      ],
      "api_key": [
        {
          "current_key": "AIzaSyARWNpkZSTZtn4_mW6kP2LPz6_azZyK9pU"
        }
      ],
      "services": {
        "appinvite_service": {
          "other_platform_oauth_client": [
            {
              "client_id": "551690993652-e802kacfof0rr9lmud22s4ujv8ifraut.apps.googleusercontent.com",
              "client_type": 3
            }
          ]
        }
      }
    }
  ],
  "configuration_version": "1"
}